Rank,Movie,"Release Date",Distributor,Genre,2019 Gross,Tickets Sold
1,Avengers: Endgame,"Apr 26, 2019",Walt Disney,Action,"$857,190,335","94,093,340"
2,Captain Marvel,"Mar 8, 2019",Walt Disney,Action,"$426,829,839","46,852,891"
3,Toy Story 4,"Jun 21, 2019",Walt Disney,Adventure,"$404,979,743","44,454,417"
4,The Lion King,"Jul 19, 2019",Walt Disney,Adventure,"$403,748,078","44,319,218"
5,Spider-Man: Far From Home,"Jul 2, 2019",Sony Pictures,Action,"$354,788,925","38,944,997"
6,Aladdin,"May 24, 2019",Walt Disney,Adventure,"$348,926,592","38,301,491"
7,Us,"Mar 22, 2019",Universal,Thriller/Suspense,"$175,006,930","19,210,420"
8,John Wick: Chapter 3 — Para…,"May 17, 2019",Lionsgate,Action,"$169,935,857","18,653,771"
9,How to Train Your Dragon: T…,"Feb 22, 2019",Universal,Adventure,"$160,799,505","17,650,878"
10,The Secret Life of Pets 2,"Jun 7, 2019",Universal,Adventure,"$154,899,025","17,003,186"
11,Pokémon: Detective Pikachu,"May 10, 2019",Warner Bros.,Adventure,"$143,918,451","15,797,854"
12,Shazam!,"Apr 5, 2019",Warner Bros.,Action,"$140,371,656","15,408,524"
13,Aquaman,"Dec 21, 2018",Warner Bros.,Action,"$136,001,983","14,928,867"
14,Dumbo,"Mar 29, 2019",Walt Disney,Adventure,"$114,753,181","12,596,397"
15,Glass,"Jan 18, 2019",Universal,Thriller/Suspense,"$111,035,005","12,188,255"
16,Godzilla: King of the Monsters,"May 31, 2019",Warner Bros.,Action,"$110,074,501","12,082,821"
17,The Upside,"Jan 11, 2019",STX Entertainment,Comedy,"$108,235,497","11,880,954"
18,The LEGO Movie 2: The Secon…,"Feb 8, 2019",Warner Bros.,Adventure,"$105,806,508","11,614,325"
19,Rocketman,"May 31, 2019",Paramount Pictures,Drama,"$95,335,549","10,464,934"
20,Alita: Battle Angel,"Feb 14, 2019",20th Century Fox,Action,"$85,710,210","9,408,365"
21,Men in Black: International,"Jun 14, 2019",Sony Pictures,Adventure,"$79,017,701","8,673,732"
22,Tyler Perry’s A Madea Famil…,"Mar 1, 2019",Lionsgate,Comedy,"$73,257,045","8,041,388"
23,Annabelle Comes Home,"Jun 26, 2019",Warner Bros.,Horror,"$70,970,112","7,790,352"
24,Yesterday,"Jun 28, 2019",Universal,Drama,"$66,152,655","7,261,542"
25,Dark Phoenix,"Jun 7, 2019",20th Century Fox,Action,"$65,687,489","7,210,481"
26,Once Upon a Time…in Hollywo…,"Jul 26, 2019",Sony Pictures,Thriller/Suspense,"$64,467,475","7,076,561"
27,Spider-Man: Into The Spider…,"Dec 14, 2018",Sony Pictures,Adventure,"$56,194,964","6,168,492"
28,Bumblebee,"Dec 21, 2018",Paramount Pictures,Adventure,"$55,769,470","6,121,785"
29,The Curse of La Llorona,"Apr 19, 2019",Warner Bros.,Horror,"$54,733,739","6,008,094"
30,Pet Sematary,"Apr 5, 2019",Paramount Pictures,Horror,"$54,724,696","6,007,101"
31,What Men Want,"Feb 8, 2019",Paramount Pictures,Comedy,"$54,611,903","5,994,720"
32,Green Book,"Nov 21, 2018",Universal,Comedy,"$49,849,340","5,471,936"
33,Isn’t it Romantic,"Feb 13, 2019",Warner Bros.,Romantic Comedy,"$48,791,187","5,355,783"
34,Five Feet Apart,"Mar 15, 2019",Lionsgate,Drama,"$45,729,221","5,019,672"
35,MA,"May 31, 2019",Universal,Horror,"$45,373,120","4,980,583"
36,Wonder Park,"Mar 15, 2019",Paramount Pictures,Adventure,"$45,216,793","4,963,424"
37,A Dog’s Way Home,"Jan 11, 2019",Sony Pictures,Drama,"$41,952,715","4,605,127"
38,Breakthrough,"Apr 17, 2019",20th Century Fox,Drama,"$40,713,082","4,469,054"
39,Little,"Apr 12, 2019",Universal,Comedy,"$40,673,960","4,464,759"
40,The Mule,"Dec 14, 2018",Warner Bros.,Drama,"$39,084,073","4,290,238"
41,Escape Room,"Jan 4, 2019",Sony Pictures,Thriller/Suspense,"$38,762,584","4,254,948"
42,The Hustle,"May 10, 2019",MGM,Comedy,"$35,417,038","3,887,709"
43,The Intruder,"May 3, 2019",Sony Pictures,Thriller/Suspense,"$35,388,976","3,884,629"
44,Crawl,"Jul 12, 2019",Paramount Pictures,Horror,"$34,550,773","3,792,620"
45,Mary Poppins Returns,"Dec 19, 2018",Walt Disney,Musical,"$33,141,176","3,637,889"
46,Cold Pursuit,"Feb 8, 2019",Lionsgate,Thriller/Suspense,"$32,138,862","3,527,866"
47,Dragon Ball Super: Broly,"Jan 16, 2019",FUNimation,Action,"$30,376,755","3,334,440"
48,Long Shot,"May 3, 2019",Lionsgate,Romantic Comedy,"$30,316,271","3,327,801"
49,Child’s Play,"Jun 21, 2019",Orion Pictures,Horror,"$29,108,158","3,195,187"
50,Happy Death Day 2U,"Feb 13, 2019",Universal,Thriller/Suspense,"$28,051,045","3,079,148"
51,Bohemian Rhapsody,"Nov 2, 2018",20th Century Fox,Drama,"$26,490,206","2,907,816"
52,Midsommar,"Jul 3, 2019",A24,Horror,"$24,804,341","2,722,759"
53,Fast & Furious Presents: Ho…,"Aug 2, 2019",Universal,Action,"$23,720,000","2,603,732"
54,Fighting With My Family,"Feb 14, 2019",United Artists,Comedy,"$22,958,583","2,520,151"
55,Booksmart,"May 24, 2019",Annapurna Pictures,Comedy,"$22,590,611","2,479,759"
56,A Dog’s Journey,"May 17, 2019",Universal,Drama,"$22,546,590","2,474,927"
57,Hellboy,"Apr 12, 2019",Lionsgate,Horror,"$21,903,748","2,404,363"
58,Stuber,"Jul 12, 2019",20th Century Fox,Comedy,"$21,399,533","2,349,015"
59,Shaft,"Jun 14, 2019",Warner Bros.,Comedy,"$21,280,670","2,335,968"
60,On the Basis of Sex,"Dec 25, 2018",Focus Features,Drama,"$20,914,838","2,295,810"
61,UglyDolls,"May 3, 2019",STX Entertainment,Adventure,"$20,150,241","2,211,881"
62,Unplanned,"Mar 29, 2019",Pure Flix Enterta…,Drama,"$18,972,216","2,082,570"
63,The Favourite,"Nov 23, 2018",Fox Searchlight,Black Comedy,"$18,478,318","2,028,355"
64,Vice,"Dec 25, 2018",Annapurna Pictures,Black Comedy,"$18,108,785","1,987,791"
65,BrightBurn,"May 24, 2019",Sony Pictures,Horror,"$17,259,427","1,894,558"
66,The Kid Who Would Be King,"Jan 25, 2019",20th Century Fox,Adventure,"$16,790,790","1,843,116"
67,Missing Link,"Apr 12, 2019",United Artists,Adventure,"$16,649,539","1,827,611"
68,Late Night,"Jun 7, 2019",Amazon Studios,Comedy,"$15,348,057","1,684,748"
69,Miss Bala,"Feb 1, 2019",Sony Pictures,Action,"$14,998,027","1,646,325"
70,The Prodigy,"Feb 8, 2019",Orion Pictures,Horror,"$14,856,291","1,630,767"
71,A Star is Born,"Oct 5, 2018",Warner Bros.,Drama,"$14,130,981","1,551,150"
72,Ralph Breaks The Internet,"Nov 21, 2018",Walt Disney,Adventure,"$13,939,018","1,530,078"
73,Poms,"May 10, 2019",STX Entertainment,Comedy,"$13,631,124","1,496,281"
74,They Shall Not Grow Old,"Dec 17, 2018",Warner Bros.,Documentary,"$12,253,074","1,345,013"
75,After,"Apr 12, 2019",Aviron Pictures,Thriller/Suspense,"$12,138,565","1,332,444"
76,Greta,"Mar 1, 2019",Focus Features,Thriller/Suspense,"$10,519,425","1,154,711"
77,If Beale Street Could Talk,"Dec 14, 2018",Annapurna Pictures,Drama,"$10,506,525","1,153,295"
78,The Best of Enemies,"Apr 5, 2019",STX Entertainment,Drama,"$10,205,616","1,120,265"
79,Hotel Mumbai,"Mar 22, 2019",Bleecker Street,Thriller/Suspense,"$9,619,500","1,055,927"
80,No Manches Frida 2,"Mar 15, 2019",Lionsgate,Comedy,"$9,270,920","1,017,664"
81,Apollo 11,"Mar 8, 2019",Neon,Documentary,"$9,040,224","992,340"
82,Serenity,"Jan 25, 2019",Aviron Pictures,Thriller/Suspense,"$8,547,045","938,204"
83,Anna,"Jun 21, 2019",Lionsgate,Action,"$7,709,340","846,250"
84,Penguins,"Apr 17, 2019",Walt Disney,Documentary,"$7,699,452","845,164"
85,The Dead Don’t Die,"Jun 14, 2019",Focus Features,Horror,"$6,563,605","720,483"
86,Second Act,"Dec 21, 2018",STX Entertainment,Comedy,"$6,489,861","712,388"
87,Run the Race,"Feb 22, 2019",Roadside Attractions,Drama,"$6,424,420","705,205"
88,Free Solo,"Sep 28, 2018",Greenwich,Documentary,"$6,093,902","668,924"
89,Captive State,"Mar 15, 2019",Focus Features,Thriller/Suspense,"$5,958,315","654,041"
90,Gloria Bell,"Mar 8, 2019",A24,Drama,"$5,611,123","615,930"
91,Stan & Ollie,"Dec 28, 2018",Sony Pictures Cla…,Drama,"$5,235,893","574,741"
92,The Farewell,"Jul 12, 2019",A24,Comedy,"$5,119,773","561,994"
93,The Mustang,"Mar 15, 2019",Focus Features,Drama,"$5,043,620","553,635"
94,The Sun is Also a Star,"May 17, 2019",Warner Bros.,Drama,"$4,950,029","543,362"
95,Tolkien,"May 10, 2019",Fox Searchlight,Drama,"$4,535,154","497,821"
96,Amazing Grace,"Apr 5, 2019",Neon,Documentary,"$4,450,454","488,524"
97,Pavarotti,"Jun 7, 2019",CBS Films,Documentary,"$4,339,378","476,331"
98,Cold War,"Dec 21, 2018",Amazon Studios,Drama,"$4,307,930","472,879"
99,Gully Boy,"Feb 14, 2019",Viva Entertainment,Adventure,"$4,216,437","462,836"
100,The Last Black Man in San F…,"Jun 7, 2019",A24,Drama,"$4,187,238","459,630"
101,Uri: The Surgical Strike,"Jan 11, 2019",PackYourBag Films,Action,"$4,185,663","459,458"
102,The Biggest Little Farm,"May 10, 2019",Neon,Documentary,"$4,176,387","458,439"
103,Replicas,"Jan 11, 2019",Entertainment Stu…,Thriller/Suspense,"$4,046,429","444,174"
104,2019 Oscar Shorts,"Feb 8, 2019",ShortsHD,Multiple Genres,"$3,531,093","387,606"
105,The Beach Bum,"Mar 29, 2019",Neon,Comedy,"$3,502,600","384,478"
106,Creed II,"Nov 21, 2018",MGM,Drama,"$3,267,369","358,657"
107,Mary Queen of Scots,"Dec 7, 2018",Focus Features,Drama,"$3,043,614","334,095"
108,Echo in the Canyon,"May 24, 2019",Greenwich,Documentary,"$2,981,811","327,311"
109,Fantastic Beasts: The Crime…,"Nov 16, 2018",Warner Bros.,Adventure,"$2,774,042","304,505"
110,Kalank,"Apr 17, 2019",FIP,Drama,"$2,729,336","299,597"
111,Bharat,"Jun 5, 2019",Viva Entertainment,Action,"$2,684,911","294,721"
112,Everybody Knows,"Feb 8, 2019",Focus Features,Drama,"$2,660,165","292,004"
113,Instant Family,"Nov 16, 2018",Paramount Pictures,Comedy,"$2,518,231","276,424"
114,Arctic,"Feb 1, 2019",Bleecker Street,Drama,"$2,409,826","264,525"
115,The Art of Self-Defense,"Jul 12, 2019",Bleecker Street,Comedy,"$2,312,195","253,808"
116,Holmes & Watson,"Dec 25, 2018",Sony Pictures,Comedy,"$2,254,994","247,529"
117,The Fall of the American Em…,"May 31, 2019",Entertainment One,Comedy,"$2,167,779","237,955"
118,Total Dhamaal,"Feb 22, 2019",FIP,Comedy,"$2,167,632","237,939"
119,Super 30,"Jul 12, 2019",Reliance Entertai…,Drama,"$2,111,832","231,814"
120,Badla,"Mar 8, 2019",Zee Studios,Thriller/Suspense,"$1,861,000","204,281"
121,The White Crow,"Apr 26, 2019",Sony Pictures Cla…,Drama,"$1,818,771","199,645"
122,Shoplifters,"Nov 23, 2018",Magnolia Pictures,Drama,"$1,666,708","182,953"
123,The Aftermath,"Mar 15, 2019",Fox Searchlight,Drama,"$1,618,497","177,661"
124,Red Joan,"Apr 12, 2019",IFC Films,Drama,"$1,580,223","173,460"
125,Extreme Job,"Jan 25, 2019",CJ Entertainment,Action,"$1,565,885","171,886"
126,The Other Side of Heaven 2:…,"Jun 28, 2019",ArtAffects,Drama,"$1,520,940","166,952"
127,The Kid,"Mar 8, 2019",Lionsgate,Western,"$1,508,593","165,597"
128,Capernaum,"Dec 14, 2018",Sony Pictures Cla…,Drama,"$1,488,318","163,371"
129,Wild Rose,"Jun 21, 2019",Neon,Drama,"$1,456,865","159,919"
130,The Wife,"Aug 17, 2018",Sony Pictures Cla…,Drama,"$1,393,052","152,914"
131,Never Look Away,"Jan 25, 2019",Sony Pictures Cla…,Thriller/Suspense,"$1,303,747","143,111"
132,Destroyer,"Dec 25, 2018",Annapurna Pictures,Thriller/Suspense,"$1,285,243","141,080"
133,Can You Ever Forgive Me?,"Oct 19, 2018",Fox Searchlight,Drama,"$1,259,896","138,298"
134,High Life,"Apr 5, 2019",A24,Adventure,"$1,225,852","134,561"
135,All is True,"Dec 21, 2018",Sony Pictures Cla…,Drama,"$1,191,725","130,815"
136,Ben is Back,"Dec 7, 2018",Roadside Attractions,Drama,"$1,191,342","130,772"
137,Ek Ladki Ko Dekah Toh Aisa …,"Feb 1, 2019",FIP,Romantic Comedy,"$1,182,636","129,817"
138,Maiden,"Jun 28, 2019",Sony Pictures Cla…,Documentary,"$1,158,834","127,204"
139,The Souvenir,"May 17, 2019",A24,Drama,"$1,030,502","113,117"
140,Perfectos desconocidos,"Jan 11, 2019",Lionsgate,Comedy,"$1,014,507","111,361"
141,Dr. Seuss’ The Grinch,"Nov 9, 2018",Universal,Adventure,"$998,820","109,639"
142,Simmba,"Dec 28, 2018",Reliance Entertai…,Action,"$986,339","108,269"
143,Woman at War,"Mar 1, 2019",Magnolia Pictures,Action,"$847,495","93,029"
144,Climax,"Mar 1, 2019",A24,Drama,"$817,339","89,718"
145,Transit,"Mar 1, 2019",Music Box Films,Drama,"$815,290","89,493"
146,Between Me and My Mind,"Jul 17, 2019",Trafalgar Releasing,Documentary,"$813,669","89,316"
147,Student of the Year 2,"May 10, 2019",FIP,Romantic Comedy,"$778,566","85,462"
148,The Church,"May 24, 2019",Indican Pictures,Horror,"$771,645","84,703"
149,JONI 75: A Birthday Celebra…,"Feb 7, 2019",Trafalgar Releasing,Concert/Performance,"$752,205","82,569"
150,BlacKkKlansman,"Aug 10, 2018",Focus Features,Thriller/Suspense,"$747,775","82,082"
151,More Than Blue,"Mar 15, 2019",China Lion Film D…,Drama,"$722,669","79,327"
152,Non-Fiction,"May 3, 2019",IFC Films,Comedy,"$704,919","77,378"
153,El Chicano,"May 3, 2019",Briarcliffe Enter…,Drama,"$700,261","76,867"
154,The Grizzlies,"Apr 19, 2019",Mongrel Media,Drama,"$643,226","70,606"
155,Marianne & Leonard: Words o…,"Jul 5, 2019",Roadside Attractions,Documentary,"$619,681","68,022"
156,The Chaperone,"Mar 29, 2019",PBS Distribution,Drama,"$600,654","65,933"
157,Furie,"Mar 1, 2019",Well Go USA,Action,"$594,788","65,289"
158,The Public,"Apr 5, 2019",Universal,Drama,"$573,503","62,953"
159,Bethany Hamilton: Unstoppable,"Jul 12, 2019",Entertainment Stu…,Documentary,"$565,283","62,050"
160,Toni Morrison: The Pieces I Am,"Jun 21, 2019",Magnolia Pictures,Documentary,"$547,316","60,078"
161,Wild Nights With Emily,"Apr 12, 2019",Greenwich,Comedy,"$519,487","57,023"
162,Shadow,"May 3, 2019",Well Go USA,Action,"$516,778","56,726"
163,Birds of Passage,"Feb 13, 2019",The Orchard,Drama,"$507,259","55,681"
164,Widows,"Nov 16, 2018",20th Century Fox,Thriller/Suspense,"$498,459","54,715"
165,Long Day’s Journey Into Nig…,"Apr 12, 2019",Kino Lorber,Drama,"$478,544","52,529"
166,Cruel Intentions,"Mar 5, 1999",Sony Pictures,Drama,"$463,365","50,863"
167,The Spy Behind Home Plate,"May 24, 2019",The Ciesla Founda…,Documentary,"$462,381","50,755"
168,CatVideoFest,"Feb 15, 2019",Oscilloscope Pict…,Documentary,"$459,291","50,416"
169,Dear Comrade,"Jul 26, 2019",,Action,"$457,000","50,164"
170,Teen Spirit,"Apr 12, 2019",Bleecker Street,Musical,"$441,366","48,448"
171,De De Pyaar De,"May 17, 2019",Yash Raj Films,Romantic Comedy,"$425,934","46,754"
172,Hail Satan?,"Apr 17, 2019",Magnolia Pictures,Documentary,"$424,284","46,573"
173,Ash is Purest White,"Mar 15, 2019",Cohen Media Group,Drama,"$414,578","45,508"
174,The Invisibles,"Jan 25, 2019",Greenwich,Documentary,"$408,397","44,829"
175,Mia and the White Lion,"Apr 12, 2019",Ledafilms,Drama,"$400,498","43,962"
176,The Man Who Killed Don Quixote,"Apr 10, 2019",Fathom Events,Drama,"$391,963","43,025"
177,The Wedding Guest,"Mar 1, 2019",IFC Films,Thriller/Suspense,"$386,166","42,389"
178,The Cure: Anniversary 1978-…,"Jul 11, 2019",Trafalgar Releasing,Concert/Performance,"$373,427","40,990"
179,The Hummingbird Project,"Mar 15, 2019",The Orchard,Drama,"$371,784","40,810"
180,Welcome to Marwen,"Dec 21, 2018",Universal,Drama,"$356,895","39,176"
181,The Tomorrow Man,"May 22, 2019",Bleecker Street,Drama,"$354,103","38,869"
182,Photograph,"May 17, 2019",Amazon Studios,Drama,"$344,534","37,819"
183,Diane,"Mar 29, 2019",IFC Films,Drama,"$339,838","37,303"
184,At Eternity’s Gate,"Nov 16, 2018",CBS Films,Drama,"$317,975","34,903"
185,Josh Groban Bridges from Ma…,"Feb 12, 2019",Trafalgar Releasing,Concert/Performance,"$315,173","34,596"
186,Ask Dr. Ruth,"May 3, 2019",Magnolia Pictures,Documentary,"$297,195","32,622"
187,Khalid: Free Spirit,"Mar 29, 2019",Trafalgar Releasing,Documentary,"$284,229","31,199"
188,Smallfoot,"Sep 28, 2018",Warner Bros.,Adventure,"$263,482","28,922"
189,Her Smell,"Apr 12, 2019",Gunpowder & Sky,Drama,"$255,599","28,056"
190,I Got The Hook-Up 2,"Jul 12, 2019",RLJ Entertainment,Comedy,"$252,293","27,694"
191,Lords of Chaos,"Feb 8, 2019",Gunpowder & Sky,Thriller/Suspense,"$252,245","27,688"
192,Canal Street,"Jan 18, 2019",Smith Global Media,Drama,"$251,917","27,652"
193,Meeting Gorbachev,"May 3, 2019",1091 Media,Documentary,"$249,407","27,377"
194,311: Enlarged to Show Detail 3,"Mar 11, 2019",Trafalgar Releasing,Concert/Performance,"$238,791","26,211"
195,American Woman,"Jun 14, 2019",Roadside Attractions,Drama,"$236,637","25,975"
196,The Fighting Preacher,"Jul 24, 2019",Purdie Distribution,Drama,"$235,251","25,823"
197,A Tuba to Cuba,"Feb 15, 2019",Blue Fox Entertai…,Documentary,"$229,381","25,179"
198,"The Gangster, The Cop, The …","Jun 7, 2019",Well Go USA,Action,"$214,062","23,497"
199,"Faith, Hope & Love","Mar 15, 2019",ArtAffects,Romantic Comedy,"$209,990","23,050"
200,Master Z: Ip Man Legacy,"Apr 12, 2019",Well Go USA,Action,"$209,454","22,991"
201,The Iron Orchard,"Feb 22, 2019",Santa Rita Film Co,Drama,"$204,881","22,489"
202,Chasing the Dragon 2: Wild …,"Jun 7, 2019",Well Go USA,Action,"$196,634","21,584"
203,Hesburgh,"Apr 26, 2019",O’Malley Creadon …,Documentary,"$196,556","21,575"
204,Family,"Apr 19, 2019",Film Arcade,Drama,"$196,322","21,550"
205,To Dust,"Feb 8, 2019",Good Deed Enterta…,Drama,"$184,495","20,251"
206,Mortal Engines,"Dec 14, 2018",Universal,Action,"$183,315","20,122"
207,Robin Hood,"Nov 21, 2018",Lionsgate,Action,"$179,615","19,716"
208,Modest Heroes,"Jan 10, 2019",GKIDS,Adventure,"$178,027","19,541"
209,India’s Most Wanted,"May 24, 2019",FIP,Thriller/Suspense,"$176,858","19,413"
210,Sword of Trust,"Jul 12, 2019",IFC Films,Drama,"$165,178","18,131"
211,Sunset,"Mar 22, 2019",Sony Pictures Cla…,Drama,"$164,717","18,080"
212,Money,"Mar 21, 2019",CJ Entertainment,Drama,"$155,732","17,094"
213,The Possession of Hannah Grace,"Nov 30, 2018",Sony Pictures,Horror,"$153,478","16,847"
214,Peterloo,"Apr 5, 2019",Amazon Studios,Drama,"$151,971","16,681"
215,The River and the Wall,"May 3, 2019",Gravitas Ventures,Documentary,"$150,816","16,554"
216,Little Woods,"Apr 19, 2019",Neon,Western,"$150,010","16,466"
217,Trial by Fire,"May 17, 2019",Roadside Attractions,Drama,"$148,504","16,301"
218,Dogman,"Apr 12, 2019",Magnolia Pictures,Thriller/Suspense,"$148,225","16,270"
219,"Iyengar: The Man, Yoga, The…","Apr 12, 2019",Kino Lorber,Documentary,"$147,632","16,205"
220,Halston,"May 24, 2019",1091 Media,Documentary,"$146,512","16,082"
221,Framing John DeLorean,"Jun 7, 2019",Sundance Selects,Documentary,"$145,626","15,985"
222,The Life of Brian,"Aug 17, 1979",Warner Bros.,Comedy,"$138,071","15,155"
223,Who Will Write Our History,"Jan 18, 2019",Abramorama Films,Documentary,"$138,039","15,152"
224,Rafiki,"Apr 19, 2019",Film Movement,Drama,"$137,968","15,144"
225,The Last Resort,"Dec 21, 2018",Kino Lorber,Documentary,"$137,857","15,132"
226,Okko’s Inn,"Apr 22, 2019",GKIDS,Adventure,"$134,787","14,795"
227,Palau the Movie,"Apr 4, 2019",Trafalgar Releasing,Drama,"$134,696","14,785"
228,Peppa Celebrates Chinese Ne…,"Feb 6, 2019",STX Entertainment,Adventure,"$131,225","14,404"
229,Hampstead,"Jun 14, 2019",IFC Films,Drama,"$130,623","14,338"
230,War and Peace,"Apr 28, 1968",Continental Distr…,Drama,"$126,832","13,922"
231,The World Before Your Feet,"Nov 21, 2018",Greenwich,Documentary,"$125,857","13,815"
232,Mary Magdalene,"Apr 12, 2019",IFC Films,Drama,"$124,958","13,716"
233,"Ruben Brandt, Collector","Feb 15, 2019",Sony Pictures Cla…,Drama,"$117,963","12,948"
234,Police Story/Police Story 2…,"Feb 1, 2019",Janus Films,Action,"$113,224","12,428"
235,Paris is Burning,"Mar 13, 1991",Academy Entertain…,Documentary,"$112,898","12,392"
236,Babylon (1980),"Mar 8, 2019",Self Distributed,Drama,"$108,191","11,876"
237,The Brink,"Mar 29, 2019",Magnolia Pictures,Documentary,"$106,059","11,642"
238,Miss & Mrs. Cops,"May 10, 2019",CJ Entertainment,Comedy,"$103,935","11,408"
239,Burning,"Oct 26, 2018",Well Go USA,Thriller/Suspense,"$101,279","11,117"
240,The Reports on Sarah and Sa…,"Jun 12, 2019",Dada Films,Drama,"$99,958","10,972"
241,Walking on Water,"May 17, 2019",Kino Lorber,Documentary,"$97,086","10,657"
242,Free Trip to Egypt,"Jun 12, 2019",Fathom Events,Documentary,"$94,674","10,392"
243,The Image Book,"Jan 25, 2019",Kino Lorber,Drama,"$93,950","10,312"
244,Always Miss You,"May 3, 2019",China Lion Film D…,Drama,"$91,884","10,086"
245,Mirai no Mirai,"Nov 29, 2018",GKIDS,Adventure,"$90,193","9,900"
246,The Lumber Baron,"May 24, 2019",Indican Pictures,Drama,"$87,881","9,646"
247,Sonchiriya,"Mar 1, 2019",PackYourBag Films,Action,"$86,765","9,524"
248,Ramen Shop,"Mar 22, 2019",Strand,Drama,"$86,060","9,446"
249,David Crosby: Remember My Name,"Jul 19, 2019",Sony Pictures Cla…,Documentary,"$85,825","9,420"
250,Woodstock: Three Days That …,"May 24, 2019",Self Distributed,Documentary,"$84,440","9,268"
251,That Pärt Feeling—The Unive…,"May 24, 2019",Film Movement,Documentary,"$83,570","9,173"
252,Papi Chulo,"Jun 7, 2019",Blue Fox Entertai…,Comedy,"$83,540","9,170"
253,Be Natural: The Untold Stor…,"Apr 19, 2019",Zeitgeist,Documentary,"$83,172","9,129"
254,Venom,"Oct 5, 2018",Sony Pictures,Action,"$82,267","9,030"
255,The Third Wife,"May 15, 2019",Film Movement,Drama,"$81,044","8,896"
256,The Other Story,"Jun 28, 2019",Strand,Drama,"$79,671","8,745"
257,Mayday Life,"May 31, 2019",China Lion Film D…,Concert/Performance,"$78,966","8,668"
258,Deadpool 2,"May 18, 2018",20th Century Fox,Action,"$78,961","8,667"
259,The Old Man and the Gun,"Sep 28, 2018",Fox Searchlight,Comedy,"$78,577","8,625"
260,The Heiresses,"Jan 16, 2019",Distrib Films,Drama,"$78,473","8,613"
261,Fast Color,"Apr 19, 2019",Lionsgate,Thriller/Suspense,"$76,916","8,443"
262,Triple Threat,"Mar 19, 2019",Well Go USA,Thriller/Suspense,"$76,289","8,374"
263,Savage,"May 3, 2019",Well Go USA,Thriller/Suspense,"$74,491","8,176"
264,The Nutcracker and the Four…,"Nov 2, 2018",Walt Disney,Adventure,"$73,093","8,023"
265,"Hale County This Morning, T…","Sep 14, 2018",Cinema Guild,Documentary,"$71,967","7,899"
266,Storm Boy,"Apr 5, 2019",Good Deed Enterta…,Adventure,"$71,760","7,877"
267,3 Faces,"Mar 8, 2019",Kino Lorber,Drama,"$71,613","7,860"
268,Cliffs of Freedom,"Mar 1, 2019",Round Hill Media,Drama,"$71,609","7,860"
269,Styx,"Feb 27, 2019",Film Movement,Drama,"$70,794","7,771"
270,Being Frank,"Jun 14, 2019",Film Arcade,Comedy,"$67,343","7,392"
271,Christ Stopped at Eboli,"Mar 23, 1980",Franklin Media,Drama,"$66,671","7,318"
272,Diamantino,"May 24, 2019",Kino Lorber,,"$66,527","7,302"
273,Working Woman,"Mar 27, 2019",Zeitgeist,Drama,"$64,764","7,109"
274,The Chambermaid,"Jun 26, 2019",Kino Lorber,Drama,"$64,365","7,065"
275,Rojo,"Jul 12, 2019",Distrib Films,Drama,"$61,791","6,782"
276,Wild,"Apr 10, 2019",Strand,Drama,"$60,568","6,648"
277,Loopers: The Caddie’s Long …,"Jun 7, 2019",Gravitas Ventures,Documentary,"$58,085","6,375"
278,Last Year at Marienbad,"Jan 18, 2008",Rialto Pictures,Drama,"$55,218","6,061"
279,Charlie Says,"May 10, 2019",IFC Films,Drama,"$51,044","5,603"
280,Mojin: The Worm Valley,"Jan 4, 2019",Well Go USA,Action,"$50,933","5,590"
281,The Hate U Give,"Oct 19, 2018",20th Century Fox,Drama,"$50,839","5,580"
282,Ophelia,"Jun 28, 2019",IFC Films,Drama,"$50,722","5,567"
283,Clinton Road,"Jun 14, 2019",Nocturnal Features,Horror,"$50,400","5,532"
284,The Bounty Killer,"Jan 25, 2019",Indican Pictures,Western,"$48,815","5,358"
285,Under The Silver Lake,"Apr 19, 2019",A24,Thriller/Suspense,"$46,083","5,058"
286,High on the Hog,"Apr 19, 2019",Indican Pictures,Action,"$45,599","5,005"
287,The Proposal,"May 24, 2019",Oscilloscope Pict…,Documentary,"$45,149","4,955"
288,What is Democracy,"Jan 16, 2019",Zeitgeist,Documentary,"$44,502","4,884"
289,Becoming Astrid,"Nov 23, 2018",Music Box Films,Drama,"$44,399","4,873"
290,Carmine Street Guitars,"Apr 24, 2019",Abramorama Films,Documentary,"$44,253","4,857"
291,Honeyland,"Jul 26, 2019",Neon,Documentary,"$44,156","4,846"
292,Aniara,"May 17, 2019",Magnolia Pictures,Drama,"$40,124","4,404"
293,Saint Judy,"Mar 1, 2019",Blue Fox Entertai…,Drama,"$39,275","4,311"
294,Shed of the Dead,"May 17, 2019",Indican Pictures,Comedy,"$38,699","4,247"
295,Wildlife,"Oct 19, 2018",IFC Films,Drama,"$38,112","4,183"
296,A Faithful Man,"Jul 19, 2019",Kino Lorber,Romantic Comedy,"$37,413","4,106"
297,The Quiet One,"Jun 21, 2019",IFC Films,Documentary,"$37,012","4,062"
298,Zilla and Zoe,"May 17, 2019",Indican Pictures,Comedy,"$36,485","4,004"
299,The Sower,"Mar 1, 2019",Film Movement,Drama,"$36,233","3,977"
300,Yardie,"Mar 15, 2019",Rialto Pictures,Drama,"$35,632","3,911"
301,Maria by Callas,"Nov 2, 2018",Sony Pictures Cla…,Documentary,"$34,017","3,734"
302,The Wild Pear Tree,"Jan 30, 2019",Cinema Guild,Drama,"$33,326","3,658"
303,Killer Unicorn,"Jun 11, 2019",Indican Pictures,Horror,"$32,901","3,611"
304,An Acceptable Loss,"Jan 18, 2019",IFC Films,Thriller/Suspense,"$32,452","3,562"
305,Knife + Heart,"Mar 15, 2019",Altered Innocence,Thriller/Suspense,"$31,969","3,509"
306,Sorry Angel,"Feb 15, 2019",Strand,Drama,"$30,584","3,357"
307,Horn From the Heart: The Pa…,"Oct 17, 2018",Abramorama Films,Documentary,"$30,179","3,312"
308,Pasolini,"May 10, 2019",Kino Lorber,Drama,"$30,104","3,304"
309,The Queen,"Jun 27, 2019",Kino Lorber,Documentary,"$29,685","3,258"
310,Anthropocene: The Human Epoch,"Sep 28, 2018",Mongrel Media,Documentary,"$28,724","3,153"
311,The Wind,"Apr 5, 2019",IFC Midnight,Horror,"$28,611","3,140"
312,Hotel by the River,"Feb 15, 2019",Cinema Guild,Drama,"$27,832","3,055"
313,Mike Wallace is Here,"Jul 26, 2019",Magnolia Pictures,Documentary,"$27,785","3,049"
314,"Leaving Home, Coming Home: …","May 29, 2019",Greenwich,Documentary,"$26,910","2,953"
315,Wrestle,"Feb 22, 2019",Oscilloscope Pict…,Documentary,"$26,597","2,919"
316,Donnybrook,"Feb 15, 2019",IFC Films,Drama,"$26,284","2,885"
317,Swing Kids,"Dec 21, 2018",Well Go USA,Drama,"$26,244","2,880"
318,Return of the Hero,"Aug 31, 2018",Distrib Films,Drama,"$25,004","2,744"
319,The Nun (1966) (Re-Release),"Jan 4, 2019",Rialto Pictures,Drama,"$23,972","2,631"
320,Beautiful Boy,"Oct 12, 2018",Amazon Studios,Drama,"$23,952","2,629"
321,In the Aisles,"Jun 14, 2019",Music Box Films,Drama,"$23,088","2,534"
322,The House That Jack Built,"Dec 14, 2018",IFC Films,Thriller/Suspense,"$22,030","2,418"
323,The Hole in the Ground,"Mar 1, 2019",A24,Horror,"$21,072","2,313"
324,The Gospel of Eureka,"Feb 8, 2019",Kino Lorber,Documentary,"$20,873","2,291"
325,Out of Blue,"Mar 15, 2019",IFC Films,Drama,"$18,779","2,061"
326,Before Stonewall,"Jun 21, 2019",First Run Features,Documentary,"$18,724","2,055"
327,"Phoenix, Oregon","Apr 26, 2019",Joma Films,Comedy,"$18,356","2,014"
328,Jane and Emma,"Oct 12, 2018",Excel Entertainment,Drama,"$17,405","1,910"
329,The Cranes are Flying,"Mar 21, 1960",Warner Bros.,Drama,"$16,990","1,864"
330,Joseph Pulitzer: Voice of t…,"Mar 1, 2019",First Run Features,Documentary,"$16,971","1,862"
331,The Mountain,"Jul 26, 2019",Kino Lorber,Black Comedy,"$16,928","1,858"
332,Virginia Minnesota,"Mar 1, 2019",Indican Pictures,Comedy,"$16,118","1,769"
333,Piercing,"Feb 1, 2019",Greenwich,Horror,"$15,856","1,740"
334,Starfish,"Mar 15, 2019",Self Distributed,Horror,"$15,850","1,739"
335,Funan,"Jun 7, 2019",GKIDS,Drama,"$15,152","1,663"
336,For Sama,"Jul 26, 2019",PBS Distribution,Documentary,"$15,143","1,662"
337,Frank and Ava,"Dec 7, 2018",Gravitas Ventures,Drama,"$14,820","1,626"
338,Giant Little Ones,"Mar 1, 2019",Vertical Entertai…,Drama,"$14,500","1,591"
339,Combat Obscura,"Mar 15, 2019",Oscilloscope Pict…,Documentary,"$14,242","1,563"
340,Three Peaks,"Jun 28, 2019",Greenwich,Drama,"$14,000","1,536"
341,Screwball,"Mar 29, 2019",Greenwich,Multiple Genres,"$13,967","1,533"
342,Touch Me Not,"Jan 11, 2019",Kino Lorber,Documentary,"$13,782","1,512"
343,This One’s For The Ladies,"Jun 7, 2019",Super LTD,Documentary,"$13,688","1,502"
344,Crazy Rich Asians,"Aug 15, 2018",Warner Bros.,Romantic Comedy,"$13,586","1,491"
345,Hagazussa: A Heathen’s Curse,"Apr 19, 2019",Doppelganger Rele…,Horror,"$13,253","1,454"
346,Our Time,"Jun 14, 2019",Monument Releasing,Drama,"$12,897","1,415"
347,Off Season,"Mar 15, 2019",Indican Pictures,Thriller/Suspense,"$12,544","1,376"
348,Zen for Nothing,"Mar 29, 2019",Zeitgeist,Documentary,"$12,107","1,328"
349,Made Me Do It,"Apr 12, 2019",Indican Pictures,Horror,"$11,151","1,224"
350,Ferrante Fever,"Mar 8, 2019",Greenwich,Documentary,"$11,137","1,222"
351,If the Dancer Dances,"Apr 26, 2019",Monument Releasing,Documentary,"$10,912","1,197"
352,The Eyes of Orson Welles,"Mar 15, 2019",Janus Films,Documentary,"$10,252","1,125"
353,A Private War,"Nov 2, 2018",Aviron Pictures,Drama,"$10,098","1,108"
354,Studio 54,"Oct 5, 2018",Zeitgeist,Documentary,"$9,355","1,026"
355,Tyrel,"Dec 5, 2018",Magnolia Pictures,Drama,"$9,314","1,022"
356,The Aspern Papers,"Jan 11, 2019",Cohen Media Group,Drama,"$9,277","1,018"
357,Liyana,"Oct 10, 2018",Abramorama Films,Documentary,"$9,223","1,012"
358,Cassandro the Exotico,"Jul 19, 2019",Film Movement,Documentary,"$8,914",978
359,Yomeddine,"May 31, 2019",Strand,Adventure,"$8,822",968
360,Jay Myself,"Jul 31, 2019",Oscilloscope Pict…,Documentary,"$8,662",950
361,Suburban Birds,"Apr 5, 2019",Cinema Guild,Drama,"$8,560",939
362,Streetwise,"Jul 19, 2019",Janus Films,Documentary,"$8,304",911
363,This Magnificent Cake!,"Mar 1, 2019",GKIDS,,"$7,888",865
364,Ghost Fleet,"Jun 7, 2019",Abramorama Films,Documentary,"$7,850",861
365,Girls of the Sun,"Apr 12, 2019",Cohen Media Group,Drama,"$7,801",856
366,I’ll Take Your Dead,"Jul 5, 2019",Breakthrough Ente…,Horror,"$7,692",844
367,Grass,"Apr 19, 2019",Cinema Guild,Drama,"$7,447",817
368,My Son,"May 10, 2019",Cohen Media Group,Thriller/Suspense,"$6,984",766
369,"Frantz Fanon: Black Skin, W…","Mar 15, 2019",Film Movement,Documentary,"$6,859",752
370,Life & Nothing More,"Oct 24, 2018",CFI,Drama,"$6,745",740
371,Under the Eiffel Tower,"Feb 8, 2019",The Orchard,Romantic Comedy,"$6,291",690
372,Relaxer,"Mar 22, 2019",Oscilloscope Pict…,Comedy,"$6,133",673
373,The Charmer,"Dec 5, 2018",Film Movement,Thriller/Suspense,"$6,118",671
374,"Monrovia, Indiana","Oct 26, 2018",Zipporah,Documentary,"$5,738",629
375,I Do Not Care If We Go Down…,"Jul 19, 2019",Big World Pictures,Black Comedy,"$5,734",629
376,Of Fathers and Sons,"Nov 16, 2018",Kino Lorber,Documentary,"$5,643",619
377,Daughter of Mine,"Feb 1, 2019",Strand,Drama,"$5,447",597
378,Body at Brighton Rock,"Apr 26, 2019",Magnolia Pictures,Thriller/Suspense,"$5,123",562
379,Rosie,"Jul 19, 2019",Blue Fox Entertai…,Drama,"$5,035",552
380,The Garden,"Dec 31, 1990",International Fil…,Drama,"$5,006",549
381,Un Traductor,"Oct 19, 2018",Film Movement,Drama,"$4,879",535
382,Slaughterhouse Rulez,"May 17, 2019",Sony Pictures,Action,"$4,665",512
383,Tito and the Birds,"Jan 25, 2019",Shout! Factory,Adventure,"$4,332",475
384,At War,"Jul 19, 2019",Cinema Libre,Drama,"$4,297",471
385,The Fate of Lee Khan,"Apr 5, 2019",Film Movement,Action,"$4,295",471
386,Sicilian Ghost Story,"Nov 30, 2018",Strand,Drama,"$3,935",431
387,Mother of a Day,"May 4, 2019",Sumbadhat Product…,Comedy,"$3,919",430
388,Chasing Portraits,"Feb 26, 2019",First Run Features,Documentary,"$3,076",337
389,Filmworker,"May 11, 2018",Kino Lorber,Documentary,"$3,016",331
390,Wings of Desire (1987) (Re-…,"Oct 19, 2018",Janus Films,Drama,"$3,004",329
391,Back to the Fatherland,"Jun 14, 2019",First Run Features,Documentary,"$2,697",296
392,"No Date, No Signature","Aug 1, 2018",Distrib Films,Drama,"$2,567",281
393,The Wandering Soap Opera,"May 17, 2019",Cinema Guild,Comedy,"$2,555",280
394,Iceman,"Mar 15, 2019",Film Movement,Thriller/Suspense,"$2,138",234
395,TINY: The Life of Erin Blac…,"Jul 19, 2019",Janus Films,Documentary,"$2,133",234
396,Jihadists,"Jan 25, 2019",Cinema Libre,Documentary,"$1,939",212
397,In Safe Hands,"Jul 26, 2019",Distrib Films,Drama,"$1,737",190
398,Detour,"Nov 30, 1945",Producers Releasi…,Drama,"$1,540",169
399,State Like Sleep,"Jan 4, 2019",The Orchard,Drama,"$1,469",161
400,The Hours and Times,"Mar 1, 2019",Oscilloscope Pict…,Drama,"$1,273",139
401,Narcissister Organ Player,"Nov 7, 2018",Film Movement,Documentary,"$1,015",111
402,Chef Flynn,"Nov 9, 2018",Kino Lorber,Documentary,$721,79
403,I am Not a Witch,"Sep 7, 2018",Film Movement,Drama,$550,60
404,Divide and Conquer: The Sto…,"Dec 7, 2018",Magnolia Pictures,Documentary,$474,52
405,Senso,"Jul 8, 1968",Fleetwood Films,Drama,$437,47
406,Never-Ending Man: Hayao Miy…,"Dec 13, 2018",GKIDS,Documentary,$376,41

