agents_standard;agents_express;run;seed;avg_delivery_time;success_rate;avg_path_length;total_packages;delivered;expired
1;2;1;42;65.57142857142857;35.0;26.0;20;7;5
1;2;2;43;38.666666666666664;15.0;53.333333333333336;20;3;6
1;2;3;44;32.333333333333336;45.0;33.333333333333336;20;9;4
1;2;4;45;57.0;10.0;73.0;20;2;7
1;2;5;46;54.75;20.0;70.0;20;4;5
2;3;1;42;21.25;20.0;24.75;20;4;6
2;3;2;43;50.75;20.0;62.0;20;4;5
2;3;3;44;30.333333333333332;15.0;32.333333333333336;20;3;7
2;3;4;45;46.6;25.0;52.4;20;5;5
2;3;5;46;48.0;10.0;48.0;20;2;7
5;5;1;42;47.75;20.0;17.75;20;4;7
5;5;2;43;52.25;20.0;44.25;20;4;6
5;5;3;44;32.333333333333336;45.0;32.44444444444444;20;9;4
5;5;4;45;41.5;10.0;55.5;20;2;7
5;5;5;46;36.0;5.0;36.0;20;1;8
