agents_standard;agents_express;run;seed;astar_call_count;astar_expanded_avg;astar_expanded_max;astar_time_avg_ms;astar_time_max_ms
1;2;1;42;284;12.535211267605634;44;0.10929507026932543;2.6313000125810504
1;2;2;43;192;16.09375;232;0.1305354175353083;3.2264000037685037
1;2;3;44;270;18.425925925925927;97;0.14846592600440123;2.0604000019375235
1;2;4;45;194;35.68556701030928;103;0.25500721699010925;2.529700010200031
1;2;5;46;89;60.71910112359551;172;0.47991235918375885;2.151399996364489
2;3;1;42;183;23.601092896174862;44;0.16425027331665587;1.6714000084903091
2;3;2;43;250;24.072;215;0.16077720024622977;1.9926999957533553
2;3;3;44;323;28.24458204334365;58;0.1915055721325673;2.8321999998297542
2;3;4;45;176;8.5;103;0.08556875044715442;1.9644999993033707
2;3;5;46;62;67.8225806451613;172;0.46252903097587067;2.169700004742481
5;5;1;42;212;21.235849056603772;44;0.13736084862480397;1.662499998928979
5;5;2;43;218;18.513761467889907;98;0.14888853183947504;1.9541999936336651
5;5;3;44;223;27.699551569506728;97;0.20022286973202458;1.8336999928578734
5;5;4;45;530;8.116981132075471;103;0.0562441515250852;2.0255999988876283
5;5;5;46;568;24.836267605633804;170;0.1539890844738488;3.39729999541305
