agents_standard;agents_express;run;seed;collision_count;replan_count;collisions_per_step;replans_per_step
1;2;1;42;257;257;1.285;1.285
1;2;2;43;174;174;0.87;0.87
1;2;3;44;243;243;1.215;1.215
1;2;4;45;180;180;0.9;0.9
1;2;5;46;74;74;0.37;0.37
2;3;1;42;162;162;0.81;0.81
2;3;2;43;231;231;1.155;1.155
2;3;3;44;304;304;1.52;1.52
2;3;4;45;157;157;0.785;0.785
2;3;5;46;45;45;0.225;0.225
5;5;1;42;188;188;0.94;0.94
5;5;2;43;197;197;0.985;0.985
5;5;3;44;195;195;0.975;0.975
5;5;4;45;510;510;2.55;2.55
5;5;5;46;550;550;2.75;2.75
